model_loss,accuracy,precision,recall,f1,tpr,tnr,optimal_threshold
Random_Forest_Dice_Loss,0.9743589743589743,0.9933333333333333,0.9551282051282052,0.9738562091503268,0.9551282051282052,0.9935897435897436,0.4368421052631579
Random_Forest_Focal_Loss,0.9743589743589743,1.0,0.9487179487179487,0.9736842105263158,0.9487179487179487,1.0,0.5210526315789473
Random_Forest_Tversky_Loss,0.9743589743589743,1.0,0.9487179487179487,0.9736842105263158,0.9487179487179487,1.0,0.5210526315789473
Logistic_Regression_Dice_Loss,0.9134615384615384,0.9056603773584906,0.9230769230769231,0.9142857142857143,0.9230769230769231,0.9038461538461539,0.5210526315789473
Logistic_Regression_Focal_Loss,0.8557692307692307,0.9911504424778761,0.717948717948718,0.8327137546468402,0.717948717948718,0.9935897435897436,0.8578947368421053
Logistic_Regression_Tversky_Loss,0.9006410256410257,0.9770992366412213,0.8205128205128205,0.89198606271777,0.8205128205128205,0.9807692307692307,0.7736842105263158
Weighted_Logistic_Regression_Dice_Loss,0.9134615384615384,0.910828025477707,0.9166666666666666,0.9137380191693291,0.9166666666666666,0.9102564102564102,0.5631578947368421
Weighted_Logistic_Regression_Focal_Loss,0.8301282051282052,0.9904761904761905,0.6666666666666666,0.7969348659003831,0.6666666666666666,0.9935897435897436,0.8578947368421053
Weighted_Logistic_Regression_Tversky_Loss,0.8974358974358975,0.984375,0.8076923076923077,0.8873239436619719,0.8076923076923077,0.9871794871794872,0.7736842105263158
